{"cameraMode":{"drawMode":0,"name":"Shaded","section":"Shading Mode"},"sceneLighting":true,"audioPlay":false,"sceneViewState":{"m_AlwaysRefresh":false,"showFog":true,"showSkybox":true,"showFlares":true,"showImageEffects":true,"showParticleSystems":true,"showVisualEffectGraphs":true,"m_FxEnabled":true},"in2DMode":false,"pivot":{"x":-0.05808191001415253,"y":0.21179279685020448,"z":0.29667922854423525},"rotation":{"x":-0.008596597239375115,"y":0.9239857792854309,"z":-0.38176462054252627,"w":-0.02080625668168068},"size":0.23698793351650239,"orthographic":false}